"2019-09-23 18:00:00",16433,0.073,0.191,0.101,0.119,19.1,19.23
"2019-09-23 18:30:00",16434,0.073,0.19,0.101,0.119,19.19,19.27
"2019-09-23 19:00:00",16435,0.073,0.191,0.101,0.119,19.22,19.28
"2019-09-23 19:30:00",16436,0.073,0.19,0.101,0.119,19.14,19.23
"2019-09-23 20:00:00",16437,0.072,0.19,0.101,0.119,19.15,19.2
"2019-09-23 20:30:00",16438,0.073,0.191,0.101,0.119,19.17,19.18
"2019-09-23 21:00:00",16439,0.073,0.191,0.101,0.119,19.06,19.09
"2019-09-23 21:30:00",16440,0.073,0.191,0.101,0.119,19.1,19.09
"2019-09-23 22:00:00",16441,0.073,0.19,0.101,0.119,19.08,19.07
"2019-09-23 22:30:00",16442,0.072,0.19,0.101,0.119,19.14,19.09
"2019-09-23 23:00:00",16443,0.073,0.19,0.101,0.119,19.08,19.05
"2019-09-23 23:30:00",16444,0.072,0.19,0.101,0.119,18.94,18.94
"2019-09-23 24:00:00",16445,0.073,0.19,0.101,0.119,18.78,18.83
"2019-09-24 00:30:00",16446,0.072,0.19,0.101,0.119,18.55,18.67
"2019-09-24 01:00:00",16447,0.072,0.191,0.101,0.119,18.3,18.5
"2019-09-24 01:30:00",16448,0.072,0.191,0.101,0.119,17.4,17.81
"2019-09-24 02:00:00",16449,0.072,0.19,0.101,0.119,16.7,17.05
"2019-09-24 02:30:00",16450,0.072,0.19,0.101,0.119,16.38,16.75
"2019-09-24 03:00:00",16451,0.072,0.19,0.101,0.119,16.05,16.44
"2019-09-24 03:30:00",16452,0.072,0.19,0.101,0.119,15.8,16.14
"2019-09-24 04:00:00",16453,0.072,0.19,0.101,0.118,15.49,15.87
"2019-09-24 04:30:00",16454,0.072,0.19,0.101,0.118,15.19,15.64
"2019-09-24 05:00:00",16455,0.072,0.19,0.101,0.118,14.93,15.41
"2019-09-24 05:30:00",16456,0.072,0.19,0.101,0.119,14.82,15.3
"2019-09-24 06:00:00",16457,0.072,0.19,0.101,0.118,14.51,15.17
"2019-09-24 06:30:00",16458,0.072,0.19,0.1,0.118,14.01,14.74
"2019-09-24 07:00:00",16459,0.072,0.19,0.1,0.118,13.68,14.48
"2019-09-24 07:30:00",16460,0.072,0.19,0.1,0.118,13.35,14.12
"2019-09-24 08:00:00",16461,0.071,0.19,0.1,0.118,13.48,14.23
"2019-09-24 08:30:00",16462,0.071,0.19,0.1,0.118,13.89,14.4
"2019-09-24 09:00:00",16463,0.072,0.19,0.1,0.118,13.98,14.6
"2019-09-24 09:30:00",16464,0.071,0.19,0.1,0.118,14.7,14.97
"2019-09-24 10:00:00",16465,0.072,0.19,0.1,0.118,15.37,15.39
"2019-09-24 10:30:00",16466,0.072,0.189,0.1,0.118,16,15.8
"2019-09-24 11:00:00",16467,0.072,0.189,0.1,0.118,16.89,16.42
"2019-09-24 11:30:00",16468,0.072,0.189,0.1,0.118,17.41,16.86
"2019-09-24 12:00:00",16469,0.072,0.189,0.1,0.118,17.96,17.19
"2019-09-24 12:30:00",16470,0.072,0.189,0.1,0.118,18.44,17.45
"2019-09-24 13:00:00",16471,0.072,0.189,0.1,0.118,18.9,18.37
"2019-09-24 13:30:00",16472,0.071,0.189,0.1,0.118,18.48,17.8
"2019-09-24 14:00:00",16473,0.071,0.188,0.1,0.118,20.26,18.96
"2019-09-24 14:30:00",16474,0.071,0.188,0.1,0.118,19.93,18.85
"2019-09-24 15:00:00",16475,0.071,0.189,0.1,0.118,19.13,18.35
"2019-09-24 15:30:00",16476,0.071,0.188,0.1,0.117,19.15,18.27
"2019-09-24 16:00:00",16477,0.071,0.188,0.1,0.117,20.81,19.46
"2019-09-24 16:30:00",16478,0.071,0.188,0.1,0.117,19.14,18.41
"2019-09-24 17:00:00",16479,0.071,0.188,0.1,0.117,19.82,18.86
"2019-09-24 17:30:00",16480,0.071,0.188,0.1,0.117,19.43,18.69
"2019-09-24 18:00:00",16481,0.071,0.188,0.1,0.117,19.68,18.78
"2019-09-24 18:30:00",16482,0.071,0.188,0.1,0.117,18.93,18.34
"2019-09-24 19:00:00",16483,0.071,0.188,0.1,0.117,18.6,18.07
"2019-09-24 19:30:00",16484,0.071,0.188,0.1,0.117,18.27,17.86
"2019-09-24 20:00:00",16485,0.071,0.188,0.1,0.117,17.67,17.44
"2019-09-24 20:30:00",16486,0.071,0.188,0.1,0.117,16.69,16.8
"2019-09-24 21:00:00",16487,0.071,0.188,0.1,0.117,16.99,16.84
"2019-09-24 21:30:00",16488,0.071,0.188,0.1,0.117,16.54,16.56
"2019-09-24 22:00:00",16489,0.071,0.188,0.1,0.117,16.47,16.49
"2019-09-24 22:30:00",16490,0.071,0.188,0.099,0.117,16,16.26
"2019-09-24 23:00:00",16491,0.071,0.188,0.099,0.117,15.72,15.94
"2019-09-24 23:30:00",16492,0.071,0.188,0.1,0.117,15.2,15.65
"2019-09-24 24:00:00",16493,0.071,0.187,0.1,0.117,15.33,15.63
"2019-09-25 00:30:00",16494,0.071,0.187,0.099,0.117,15.14,15.47
"2019-09-25 01:00:00",16495,0.071,0.187,0.099,0.117,14.77,15.17
"2019-09-25 01:30:00",16496,0.071,0.187,0.099,0.117,14.72,15.16
"2019-09-25 02:00:00",16497,0.071,0.187,0.099,0.117,14.36,14.87
"2019-09-25 02:30:00",16498,0.071,0.187,0.099,0.117,14.11,14.82
"2019-09-25 03:00:00",16499,0.071,0.187,0.099,0.117,13.84,14.5
"2019-09-25 03:30:00",16500,0.071,0.187,0.099,0.117,13.5,14.41
"2019-09-25 04:00:00",16501,0.071,0.187,0.099,0.116,13.68,14.47
"2019-09-25 04:30:00",16502,0.071,0.187,0.099,0.116,13.59,14.26
"2019-09-25 05:00:00",16503,0.071,0.187,0.099,0.116,13.38,14.03
"2019-09-25 05:30:00",16504,0.071,0.187,0.099,0.116,13.46,14.15
"2019-09-25 06:00:00",16505,0.071,0.187,0.099,0.116,12.7,13.8
"2019-09-25 06:30:00",16506,0.071,0.187,0.099,0.116,12.86,13.62
"2019-09-25 07:00:00",16507,0.07,0.187,0.099,0.116,11.92,13.24
"2019-09-25 07:30:00",16508,0.07,0.187,0.099,0.116,12.29,13.28
"2019-09-25 08:00:00",16509,0.07,0.187,0.099,0.116,12.91,13.65
"2019-09-25 08:30:00",16510,0.07,0.187,0.099,0.116,12.97,13.68
"2019-09-25 09:00:00",16511,0.071,0.187,0.099,0.116,13.67,14.19
"2019-09-25 09:30:00",16512,0.07,0.187,0.099,0.116,14.73,14.88
"2019-09-25 10:00:00",16513,0.071,0.187,0.099,0.116,15.94,15.64
"2019-09-25 10:30:00",16514,0.071,0.187,0.099,0.116,16.97,16.39
"2019-09-25 11:00:00",16515,0.071,0.187,0.099,0.116,18.11,17.15
"2019-09-25 11:30:00",16516,0.071,0.187,0.099,0.116,18.93,17.9
"2019-09-25 12:00:00",16517,0.071,0.187,0.099,0.116,19.61,18.43
"2019-09-25 12:30:00",16518,0.071,0.187,0.099,0.116,23.92,19.52
"2019-09-25 13:00:00",16519,0.071,0.187,0.099,0.116,21.82,21.19
"2019-09-25 13:30:00",16520,0.071,0.186,0.099,0.116,22.05,20.66
"2019-09-25 14:00:00",16521,0.071,0.186,0.099,0.116,22.41,20.78
"2019-09-25 14:30:00",16522,0.071,0.187,0.099,0.116,22.86,20.94
"2019-09-25 15:00:00",16523,0.071,0.187,0.099,0.116,23.04,21.26
"2019-09-25 15:30:00",16524,0.071,0.186,0.099,0.116,23.61,21.53
"2019-09-25 16:00:00",16525,0.071,0.186,0.099,0.116,23.72,21.78
"2019-09-25 16:30:00",16526,0.071,0.186,0.099,0.116,23.58,21.87
"2019-09-25 17:00:00",16527,0.071,0.186,0.099,0.116,23.47,21.81
"2019-09-25 17:30:00",16528,0.07,0.186,0.099,0.116,23.29,21.66
"2019-09-25 18:00:00",16529,0.07,0.186,0.099,0.116,22.78,21.42
"2019-09-25 18:30:00",16530,0.07,0.186,0.099,0.116,22.23,20.97
"2019-09-25 19:00:00",16531,0.07,0.186,0.099,0.116,21.61,20.5
"2019-09-25 19:30:00",16532,0.07,0.186,0.098,0.116,21.11,20.18
"2019-09-25 20:00:00",16533,0.07,0.186,0.099,0.116,21.02,20.08
"2019-09-25 20:30:00",16534,0.07,0.186,0.098,0.116,20.28,19.62
"2019-09-25 21:00:00",16535,0.07,0.186,0.098,0.116,19.59,19.13
"2019-09-25 21:30:00",16536,0.07,0.186,0.099,0.116,19.06,18.74
"2019-09-25 22:00:00",16537,0.07,0.186,0.099,0.116,19.07,18.7
"2019-09-25 22:30:00",16538,0.07,0.186,0.099,0.116,18.8,18.49
"2019-09-25 23:00:00",16539,0.07,0.186,0.099,0.116,18.47,18.22
"2019-09-25 23:30:00",16540,0.07,0.186,0.099,0.116,18.54,18.24
"2019-09-25 24:00:00",16541,0.07,0.186,0.098,0.116,18.9,18.47
"2019-09-26 00:30:00",16542,0.07,0.186,0.098,0.116,18.68,18.33
"2019-09-26 01:00:00",16543,0.07,0.186,0.098,0.116,18.37,18.13
"2019-09-26 01:30:00",16544,0.07,0.186,0.098,0.116,18.2,17.98
"2019-09-26 02:00:00",16545,0.07,0.186,0.098,0.115,18.58,18.19
"2019-09-26 02:30:00",16546,0.07,0.186,0.098,0.115,18.75,18.32
"2019-09-26 03:00:00",16547,0.07,0.186,0.098,0.115,18.65,18.26
"2019-09-26 03:30:00",16548,0.07,0.186,0.098,0.115,18.56,18.22
"2019-09-26 04:00:00",16549,0.07,0.186,0.098,0.116,18.46,18.2
"2019-09-26 04:30:00",16550,0.07,0.186,0.098,0.116,18.32,18.03
"2019-09-26 05:00:00",16551,0.07,0.186,0.098,0.115,18.32,18.03
"2019-09-26 05:30:00",16552,0.07,0.186,0.098,0.115,18.29,18.05
"2019-09-26 06:00:00",16553,0.07,0.186,0.098,0.115,18.21,18.01
"2019-09-26 06:30:00",16554,0.07,0.186,0.098,0.115,18.28,18.04
"2019-09-26 07:00:00",16555,0.07,0.186,0.098,0.115,18.45,18.16
"2019-09-26 07:30:00",16556,0.07,0.186,0.098,0.116,18.24,18
"2019-09-26 08:00:00",16557,0.07,0.186,0.098,0.115,18.28,18.04
"2019-09-26 08:30:00",16558,0.07,0.186,0.099,0.115,16.02,16.73
"2019-09-26 09:00:00",16559,0.07,0.186,0.099,0.115,16.22,16.71
"2019-09-26 09:30:00",16560,0.07,0.186,0.099,0.115,16.6,16.97
"2019-09-26 10:00:00",16561,0.07,0.186,0.099,0.115,16.76,17.09
"2019-09-26 10:30:00",16562,0.071,0.186,0.099,0.116,16.6,16.85
"2019-09-26 11:00:00",16563,0.07,0.186,0.099,0.115,16.52,16.8
"2019-09-26 11:30:00",16564,0.071,0.186,0.099,0.116,16.54,16.8
"2019-09-26 12:00:00",16565,0.071,0.186,0.099,0.116,16.8,17.11
"2019-09-26 12:30:00",16566,0.071,0.186,0.099,0.116,17.81,17.81
"2019-09-26 13:00:00",16567,0.071,0.186,0.099,0.115,18.42,18.57
"2019-09-26 13:30:00",16568,0.071,0.186,0.099,0.116,19.23,18.98
"2019-09-26 14:00:00",16569,0.071,0.186,0.099,0.115,19.98,19.44
"2019-09-26 14:30:00",16570,0.071,0.186,0.099,0.116,21.01,20.06
"2019-09-26 15:00:00",16571,0.071,0.186,0.099,0.116,20.94,19.88
"2019-09-26 15:30:00",16572,0.071,0.186,0.098,0.115,21.44,19.68
"2019-09-26 16:00:00",16573,0.07,0.186,0.098,0.115,21.68,20.07
"2019-09-26 16:30:00",16574,0.07,0.186,0.098,0.115,22.06,20.38
"2019-09-26 17:00:00",16575,0.07,0.186,0.098,0.115,22.46,20.61
"2019-09-26 17:30:00",16576,0.07,0.186,0.098,0.115,22.2,20.65
"2019-09-26 18:00:00",16577,0.07,0.185,0.098,0.115,21.81,20.41
"2019-09-26 18:30:00",16578,0.07,0.185,0.098,0.115,21.46,20.25
"2019-09-26 19:00:00",16579,0.07,0.185,0.098,0.115,20.88,19.91
"2019-09-26 19:30:00",16580,0.07,0.185,0.098,0.115,20.19,19.45
"2019-09-26 20:00:00",16581,0.07,0.185,0.098,0.115,19.67,19.07
"2019-09-26 20:30:00",16582,0.07,0.185,0.098,0.115,19.35,18.81
"2019-09-26 21:00:00",16583,0.07,0.185,0.098,0.115,19.02,18.67
"2019-09-26 21:30:00",16584,0.07,0.185,0.098,0.115,18.61,18.29
"2019-09-26 22:00:00",16585,0.07,0.185,0.098,0.115,17.89,17.8
"2019-09-26 22:30:00",16586,0.07,0.185,0.098,0.115,17.57,17.62
"2019-09-26 23:00:00",16587,0.07,0.185,0.098,0.115,17.25,17.51
"2019-09-26 23:30:00",16588,0.07,0.185,0.098,0.115,15.87,16.7
"2019-09-26 24:00:00",16589,0.07,0.185,0.098,0.115,15.23,16.15
"2019-09-27 00:30:00",16590,0.07,0.184,0.098,0.115,14.9,15.9
"2019-09-27 01:00:00",16591,0.07,0.185,0.098,0.115,14.83,15.72
"2019-09-27 01:30:00",16592,0.07,0.185,0.098,0.115,14.55,15.56
"2019-09-27 02:00:00",16593,0.07,0.185,0.098,0.114,14.11,15.15
"2019-09-27 02:30:00",16594,0.069,0.184,0.098,0.114,13.61,14.9
"2019-09-27 03:00:00",16595,0.069,0.184,0.098,0.114,13.38,14.59
"2019-09-27 03:30:00",16596,0.069,0.184,0.097,0.114,13.55,14.66
"2019-09-27 04:00:00",16597,0.07,0.184,0.097,0.114,13.18,14.39
"2019-09-27 04:30:00",16598,0.069,0.184,0.097,0.114,12.56,13.92
"2019-09-27 05:00:00",16599,0.069,0.184,0.097,0.114,12.6,13.88
"2019-09-27 05:30:00",16600,0.069,0.184,0.097,0.114,12.09,13.53
"2019-09-27 06:00:00",16601,0.069,0.184,0.097,0.114,12.14,13.47
"2019-09-27 06:30:00",16602,0.069,0.184,0.097,0.114,11.72,13.25
"2019-09-27 07:00:00",16603,0.069,0.184,0.097,0.114,11.44,12.92
"2019-09-27 07:30:00",16604,0.069,0.184,0.097,0.114,11.19,12.76
"2019-09-27 08:00:00",16605,0.069,0.184,0.097,0.114,11.31,12.72
"2019-09-27 08:30:00",16606,0.069,0.184,0.097,0.114,11.71,12.97
"2019-09-27 09:00:00",16607,0.069,0.184,0.097,0.114,12.53,13.47
"2019-09-27 09:30:00",16608,0.069,0.184,0.097,0.114,13.76,14.27
"2019-09-27 10:00:00",16609,0.069,0.184,0.097,0.114,14.99,14.99
"2019-09-27 10:30:00",16610,0.07,0.184,0.097,0.114,16.33,15.84
"2019-09-27 11:00:00",16611,0.07,0.184,0.097,0.114,18.13,17.09
"2019-09-27 11:30:00",16612,0.069,0.184,0.097,0.114,19.71,18.14
"2019-09-27 12:00:00",16613,0.07,0.184,0.097,0.114,20.71,18.76
"2019-09-27 12:30:00",16614,0.07,0.184,0.097,0.114,22.25,19.78
"2019-09-27 13:00:00",16615,0.07,0.184,0.097,0.114,23.23,20.54
"2019-09-27 13:30:00",16616,0.07,0.184,0.097,0.114,23.11,21.02
"2019-09-27 14:00:00",16617,0.07,0.184,0.097,0.114,23.68,21.33
"2019-09-27 14:30:00",16618,0.07,0.184,0.097,0.114,24.32,22.07
"2019-09-27 15:00:00",16619,0.07,0.184,0.097,0.114,24.65,22.02
"2019-09-27 15:30:00",16620,0.07,0.184,0.097,0.114,25.42,22.41
"2019-09-27 16:00:00",16621,0.07,0.183,0.097,0.114,25.6,22.74
"2019-09-27 16:30:00",16622,0.07,0.184,0.097,0.114,25.58,23.21
"2019-09-27 17:00:00",16623,0.07,0.183,0.097,0.114,24.91,22.57
"2019-09-27 17:30:00",16624,0.07,0.184,0.097,0.114,24.86,22.53
"2019-09-27 18:00:00",16625,0.069,0.184,0.097,0.114,25.05,22.86
"2019-09-27 18:30:00",16626,0.07,0.183,0.097,0.114,24.25,22.34
"2019-09-27 19:00:00",16627,0.069,0.183,0.097,0.114,23.43,21.86
"2019-09-27 19:30:00",16628,0.069,0.184,0.097,0.114,22.53,21.28
"2019-09-27 20:00:00",16629,0.069,0.184,0.097,0.114,21.84,20.87
"2019-09-27 20:30:00",16630,0.07,0.184,0.097,0.114,21.62,20.69
"2019-09-27 21:00:00",16631,0.069,0.184,0.097,0.114,21.36,20.46
"2019-09-27 21:30:00",16632,0.069,0.183,0.097,0.114,21.31,20.39
"2019-09-27 22:00:00",16633,0.069,0.183,0.097,0.114,21.27,20.34
"2019-09-27 22:30:00",16634,0.069,0.183,0.097,0.114,21.2,20.31
"2019-09-27 23:00:00",16635,0.069,0.183,0.097,0.114,21.11,20.24
"2019-09-27 23:30:00",16636,0.069,0.184,0.097,0.114,20.98,20.19
"2019-09-27 24:00:00",16637,0.069,0.183,0.097,0.114,20.82,20.07
"2019-09-28 00:30:00",16638,0.069,0.183,0.097,0.114,20.77,20.02
"2019-09-28 01:00:00",16639,0.069,0.183,0.097,0.114,20.7,19.99
"2019-09-28 01:30:00",16640,0.069,0.184,0.097,0.114,20.48,19.85
"2019-09-28 02:00:00",16641,0.069,0.183,0.097,0.114,20.61,19.89
"2019-09-28 02:30:00",16642,0.069,0.183,0.097,0.114,20.5,19.84
"2019-09-28 03:00:00",16643,0.069,0.183,0.097,0.114,20.56,19.89
"2019-09-28 03:30:00",16644,0.07,0.184,0.097,0.114,20.62,19.91
"2019-09-28 04:00:00",16645,0.069,0.183,0.097,0.114,20.52,19.86
"2019-09-28 04:30:00",16646,0.069,0.183,0.097,0.114,20.52,19.83
"2019-09-28 05:00:00",16647,0.069,0.183,0.097,0.114,20.56,19.86
"2019-09-28 05:30:00",16648,0.069,0.183,0.097,0.114,20.52,19.86
"2019-09-28 06:00:00",16649,0.069,0.184,0.097,0.114,20.56,19.87
"2019-09-28 06:30:00",16650,0.069,0.183,0.097,0.114,20.55,19.87
"2019-09-28 07:00:00",16651,0.069,0.183,0.097,0.114,20.6,19.87
"2019-09-28 07:30:00",16652,0.069,0.184,0.097,0.114,20.55,19.88
"2019-09-28 08:00:00",16653,0.069,0.184,0.097,0.114,20.86,20.03
"2019-09-28 08:30:00",16654,0.069,0.184,0.097,0.114,21.28,20.3
"2019-09-28 09:00:00",16655,0.069,0.184,0.097,0.114,22,20.86
"2019-09-28 09:30:00",16656,0.069,0.184,0.097,0.114,21.64,20.68
"2019-09-28 10:00:00",16657,0.07,0.183,0.097,0.114,22.1,20.98
"2019-09-28 10:30:00",16658,0.07,0.184,0.098,0.114,20.44,20.46
"2019-09-28 11:00:00",16659,0.07,0.184,0.098,0.114,19.79,19.83
"2019-09-28 11:30:00",16660,0.07,0.184,0.098,0.114,20.66,20.37
"2019-09-28 12:00:00",16661,0.07,0.184,0.098,0.114,21.42,20.94
"2019-09-28 12:30:00",16662,0.07,0.184,0.098,0.114,21.49,20.98
"2019-09-28 13:00:00",16663,0.07,0.184,0.098,0.114,22.63,21.75
"2019-09-28 13:30:00",16664,0.07,0.183,0.098,0.114,22.87,22.04
"2019-09-28 14:00:00",16665,0.07,0.184,0.097,0.114,23.83,22.76
"2019-09-28 14:30:00",16666,0.07,0.184,0.098,0.114,24.41,23.48
"2019-09-28 15:00:00",16667,0.07,0.183,0.098,0.114,25.14,23.74
"2019-09-28 15:30:00",16668,0.07,0.183,0.097,0.114,26.35,24.3
"2019-09-28 16:00:00",16669,0.07,0.184,0.097,0.114,26.51,24.43
"2019-09-28 16:30:00",16670,0.07,0.184,0.097,0.114,27.13,25.6
"2019-09-28 17:00:00",16671,0.07,0.183,0.097,0.114,26.79,24.93
"2019-09-28 17:30:00",16672,0.07,0.184,0.097,0.114,26.02,24.54
"2019-09-28 18:00:00",16673,0.07,0.183,0.097,0.114,25.7,24.31
"2019-09-28 18:30:00",16674,0.07,0.183,0.097,0.114,25.55,24.08
"2019-09-28 19:00:00",16675,0.07,0.183,0.097,0.114,25.04,23.67
"2019-09-28 19:30:00",16676,0.069,0.183,0.097,0.114,24.97,23.67
"2019-09-28 20:00:00",16677,0.07,0.183,0.097,0.114,24.63,23.37
"2019-09-28 20:30:00",16678,0.069,0.183,0.097,0.114,23.8,23
"2019-09-28 21:00:00",16679,0.07,0.183,0.097,0.114,23.45,22.81
"2019-09-28 21:30:00",16680,0.069,0.183,0.097,0.114,22.93,22.26
"2019-09-28 22:00:00",16681,0.069,0.183,0.097,0.114,22.3,21.99
"2019-09-28 22:30:00",16682,0.07,0.184,0.097,0.114,22.06,21.8
"2019-09-28 23:00:00",16683,0.069,0.184,0.097,0.114,21.66,21.45
"2019-09-28 23:30:00",16684,0.069,0.184,0.097,0.114,21.22,21.09
"2019-09-28 24:00:00",16685,0.069,0.183,0.097,0.114,21.06,20.92
"2019-09-29 00:30:00",16686,0.07,0.184,0.097,0.114,20.99,20.84
"2019-09-29 01:00:00",16687,0.069,0.183,0.097,0.114,20.74,20.67
"2019-09-29 01:30:00",16688,0.069,0.183,0.097,0.114,20.43,20.43
"2019-09-29 02:00:00",16689,0.069,0.183,0.097,0.114,20.11,20.23
"2019-09-29 02:30:00",16690,0.069,0.183,0.097,0.114,19.89,20.03
"2019-09-29 03:00:00",16691,0.069,0.183,0.097,0.114,19.64,19.85
"2019-09-29 03:30:00",16692,0.069,0.184,0.097,0.114,19.49,19.73
"2019-09-29 04:00:00",16693,0.069,0.183,0.097,0.114,19.54,19.71
"2019-09-29 04:30:00",16694,0.069,0.183,0.097,0.114,19.54,19.68
"2019-09-29 05:00:00",16695,0.069,0.183,0.097,0.114,19.46,19.61
"2019-09-29 05:30:00",16696,0.069,0.183,0.097,0.114,19.43,19.57
"2019-09-29 06:00:00",16697,0.069,0.184,0.097,0.114,19.41,19.54
"2019-09-29 06:30:00",16698,0.069,0.183,0.097,0.114,19.36,19.49
"2019-09-29 07:00:00",16699,0.069,0.183,0.097,0.114,19.3,19.44
"2019-09-29 07:30:00",16700,0.069,0.183,0.097,0.114,19.25,19.37
"2019-09-29 08:00:00",16701,0.069,0.183,0.097,0.114,19.3,19.4
"2019-09-29 08:30:00",16702,0.069,0.183,0.097,0.114,19.51,19.51
"2019-09-29 09:00:00",16703,0.069,0.183,0.097,0.114,19.61,19.61
"2019-09-29 09:30:00",16704,0.069,0.183,0.097,0.114,19.85,19.71
"2019-09-29 10:00:00",16705,0.069,0.183,0.097,0.114,20.44,20.03
"2019-09-29 10:30:00",16706,0.069,0.184,0.097,0.114,21.2,20.48
"2019-09-29 11:00:00",16707,0.069,0.183,0.097,0.114,21.74,20.91
"2019-09-29 11:30:00",16708,0.069,0.183,0.097,0.114,22.35,21.35
"2019-09-29 12:00:00",16709,0.07,0.183,0.097,0.114,23.06,21.94
"2019-09-29 12:30:00",16710,0.069,0.183,0.097,0.114,23.4,22.31
"2019-09-29 13:00:00",16711,0.07,0.183,0.097,0.114,24.87,23.79
"2019-09-29 13:30:00",16712,0.069,0.183,0.097,0.114,24.56,23.21
"2019-09-29 14:00:00",16713,0.069,0.183,0.097,0.114,25.41,23.74
"2019-09-29 14:30:00",16714,0.07,0.183,0.097,0.114,25.89,24.34
"2019-09-29 15:00:00",16715,0.069,0.183,0.097,0.114,25.7,24.17
"2019-09-29 15:30:00",16716,0.069,0.183,0.097,0.114,25.69,24.03
"2019-09-29 16:00:00",16717,0.069,0.183,0.097,0.114,25.26,23.79
"2019-09-29 16:30:00",16718,0.069,0.183,0.097,0.114,24.95,23.72
"2019-09-29 17:00:00",16719,0.069,0.183,0.097,0.114,24.46,23.26
"2019-09-29 17:30:00",16720,0.069,0.183,0.097,0.114,24.24,23.17
"2019-09-29 18:00:00",16721,0.069,0.183,0.097,0.114,23.86,22.91
"2019-09-29 18:30:00",16722,0.069,0.183,0.097,0.114,23.34,22.54
"2019-09-29 19:00:00",16723,0.069,0.183,0.097,0.114,22.92,22.24
"2019-09-29 19:30:00",16724,0.069,0.183,0.097,0.114,22.74,22.08
"2019-09-29 20:00:00",16725,0.069,0.183,0.097,0.114,22.43,21.84
"2019-09-29 20:30:00",16726,0.069,0.183,0.097,0.114,22.07,21.64
"2019-09-29 21:00:00",16727,0.069,0.183,0.097,0.114,21.88,21.44
"2019-09-29 21:30:00",16728,0.069,0.183,0.097,0.114,21.69,21.3
"2019-09-29 22:00:00",16729,0.069,0.183,0.097,0.114,21.33,21.1
"2019-09-29 22:30:00",16730,0.069,0.183,0.097,0.113,21,20.87
"2019-09-29 23:00:00",16731,0.069,0.183,0.097,0.114,21.02,20.83
"2019-09-29 23:30:00",16732,0.069,0.183,0.097,0.114,20.82,20.67
"2019-09-29 24:00:00",16733,0.069,0.183,0.097,0.114,20.6,20.5
"2019-09-30 00:30:00",16734,0.069,0.183,0.097,0.114,20.62,20.5
"2019-09-30 01:00:00",16735,0.069,0.183,0.097,0.114,20.74,20.54
"2019-09-30 01:30:00",16736,0.069,0.183,0.097,0.114,20.63,20.41
"2019-09-30 02:00:00",16737,0.069,0.183,0.097,0.113,20.45,20.36
"2019-09-30 02:30:00",16738,0.069,0.183,0.097,0.113,20.53,20.38
"2019-09-30 03:00:00",16739,0.069,0.183,0.097,0.113,20.63,20.43
"2019-09-30 03:30:00",16740,0.069,0.183,0.097,0.113,20.41,20.3
"2019-09-30 04:00:00",16741,0.069,0.183,0.097,0.113,20.33,20.23
"2019-09-30 04:30:00",16742,0.069,0.183,0.097,0.113,19.62,20.1
"2019-09-30 05:00:00",16743,0.069,0.183,0.097,0.113,19.39,19.81
"2019-09-30 05:30:00",16744,0.069,0.183,0.097,0.113,19.33,19.61
"2019-09-30 06:00:00",16745,0.069,0.183,0.097,0.114,19.28,19.54
"2019-09-30 06:30:00",16746,0.07,0.183,0.097,0.113,19.27,19.44
"2019-09-30 07:00:00",16747,0.07,0.183,0.097,0.113,19.28,19.42
"2019-09-30 07:30:00",16748,0.07,0.183,0.097,0.113,19.21,19.39
"2019-09-30 08:00:00",16749,0.07,0.183,0.097,0.113,19.21,19.38
"2019-09-30 08:30:00",16750,0.07,0.183,0.097,0.113,19.2,19.32
"2019-09-30 09:00:00",16751,0.07,0.183,0.097,0.113,19.32,19.42
"2019-09-30 09:30:00",16752,0.07,0.183,0.097,0.113,19.23,19.36
"2019-09-30 10:00:00",16753,0.071,0.184,0.098,0.113,19.25,19.38
"2019-09-30 10:30:00",16754,0.071,0.184,0.098,0.113,19.54,19.51
"2019-09-30 11:00:00",16755,0.071,0.184,0.098,0.113,19.8,19.7
"2019-09-30 11:30:00",16756,0.071,0.184,0.098,0.113,20.14,19.99
"2019-09-30 12:00:00",16757,0.071,0.184,0.098,0.113,20.15,20
"2019-09-30 12:30:00",16758,0.072,0.184,0.098,0.113,20.7,20.37
"2019-09-30 13:00:00",16759,0.072,0.184,0.098,0.113,21,20.62
"2019-09-30 13:30:00",16760,0.072,0.184,0.098,0.113,21.8,21.31
"2019-09-30 14:00:00",16761,0.072,0.184,0.098,0.113,22.59,21.91
"2019-09-30 14:30:00",16762,0.072,0.184,0.098,0.113,22.54,22.2
"2019-09-30 15:00:00",16763,0.072,0.184,0.098,0.113,23.19,22.31
"2019-09-30 15:30:00",16764,0.072,0.184,0.098,0.113,23.52,22.43
"2019-09-30 16:00:00",16765,0.072,0.184,0.098,0.113,23.82,22.68
"2019-09-30 16:30:00",16766,0.072,0.184,0.098,0.113,23.78,22.77
"2019-09-30 17:00:00",16767,0.072,0.184,0.098,0.113,24.18,23.09
"2019-09-30 17:30:00",16768,0.072,0.184,0.098,0.113,24,22.98
"2019-09-30 18:00:00",16769,0.072,0.184,0.098,0.113,24.03,22.96
"2019-09-30 18:30:00",16770,0.072,0.184,0.098,0.113,23.74,22.81
"2019-09-30 19:00:00",16771,0.072,0.184,0.098,0.113,23.29,22.51
"2019-09-30 19:30:00",16772,0.072,0.184,0.098,0.113,23.03,22.31
"2019-09-30 20:00:00",16773,0.072,0.184,0.098,0.113,22.81,22.18
"2019-09-30 20:30:00",16774,0.072,0.184,0.098,0.113,22.25,21.78
"2019-09-30 21:00:00",16775,0.072,0.184,0.098,0.113,22.06,21.61
"2019-09-30 21:30:00",16776,0.072,0.184,0.098,0.113,22.01,21.48
"2019-09-30 22:00:00",16777,0.072,0.184,0.098,0.113,21.73,21.34
"2019-09-30 22:30:00",16778,0.072,0.184,0.098,0.113,21.55,21.16
"2019-09-30 23:00:00",16779,0.072,0.184,0.098,0.113,21.42,21.06
"2019-09-30 23:30:00",16780,0.072,0.184,0.098,0.113,21.36,21
"2019-09-30 24:00:00",16781,0.072,0.184,0.098,0.113,21.17,20.88
"2019-10-01 00:30:00",16782,0.072,0.184,0.098,0.113,21.08,20.82
"2019-10-01 01:00:00",16783,0.072,0.184,0.098,0.113,20.97,20.76
"2019-10-01 01:30:00",16784,0.072,0.184,0.098,0.113,20.92,20.7
"2019-10-01 02:00:00",16785,0.072,0.184,0.098,0.113,20.81,20.63
"2019-10-01 02:30:00",16786,0.072,0.184,0.098,0.113,20.69,20.55
"2019-10-01 03:00:00",16787,0.072,0.184,0.098,0.113,20.72,20.53
"2019-10-01 03:30:00",16788,0.072,0.184,0.098,0.113,20.64,20.46
"2019-10-01 04:00:00",16789,0.072,0.184,0.098,0.113,20.36,20.24
"2019-10-01 04:30:00",16790,0.072,0.184,0.098,0.113,20.59,20.34
"2019-10-01 05:00:00",16791,0.072,0.184,0.098,0.113,20.62,20.38
"2019-10-01 05:30:00",16792,0.072,0.184,0.098,0.113,20.69,20.42
"2019-10-01 06:00:00",16793,0.072,0.184,0.098,0.113,20.54,20.31
"2019-10-01 06:30:00",16794,0.072,0.184,0.098,0.113,20.5,20.26
"2019-10-01 07:00:00",16795,0.072,0.184,0.098,0.113,20.36,20.19
"2019-10-01 07:30:00",16796,0.072,0.184,0.098,0.113,20.42,20.22
"2019-10-01 08:00:00",16797,0.072,0.184,0.098,0.113,20.38,20.17
"2019-10-01 08:30:00",16798,0.072,0.184,0.098,0.113,20.62,20.3
"2019-10-01 09:00:00",16799,0.072,0.184,0.098,0.113,21.13,20.63
"2019-10-01 09:30:00",16800,0.072,0.184,0.098,0.113,21.38,20.83
"2019-10-01 10:00:00",16801,0.072,0.184,0.098,0.113,21.98,21.24
"2019-10-01 10:30:00",16802,0.072,0.184,0.098,0.113,22.56,21.69
"2019-10-01 11:00:00",16803,0.072,0.184,0.098,0.113,23.09,22.2
"2019-10-01 11:30:00",16804,0.072,0.184,0.098,0.113,23.74,22.67
"2019-10-01 12:00:00",16805,0.072,0.184,0.098,0.113,24.37,23.26
"2019-10-01 12:30:00",16806,0.072,0.184,0.098,0.113,25.19,24.18
"2019-10-01 13:00:00",16807,0.072,0.184,0.098,0.113,26.31,25.15
"2019-10-01 13:30:00",16808,0.072,0.184,0.098,0.113,26.38,25.23
"2019-10-01 14:00:00",16809,0.071,0.184,0.098,0.113,26.9,25.31
"2019-10-01 14:30:00",16810,0.072,0.184,0.098,0.113,27.5,25.86
"2019-10-01 15:00:00",16811,0.072,0.184,0.098,0.113,27.21,25.41
"2019-10-01 15:30:00",16812,0.071,0.184,0.098,0.113,28.19,26.09
"2019-10-01 16:00:00",16813,0.071,0.184,0.097,0.113,27.89,25.98
"2019-10-01 16:30:00",16814,0.071,0.184,0.098,0.113,28.08,26.2
"2019-10-01 17:00:00",16815,0.071,0.184,0.097,0.113,27.68,26.09
"2019-10-01 17:30:00",16816,0.071,0.183,0.098,0.113,27.67,25.97
"2019-10-01 18:00:00",16817,0.071,0.184,0.098,0.113,27.49,25.69
"2019-10-01 18:30:00",16818,0.071,0.184,0.097,0.113,26.88,25.42
"2019-10-01 19:00:00",16819,0.071,0.184,0.097,0.113,26.06,24.73
"2019-10-01 19:30:00",16820,0.071,0.184,0.097,0.113,25.65,24.43
"2019-10-01 20:00:00",16821,0.071,0.184,0.097,0.113,25.29,24.25
"2019-10-01 20:30:00",16822,0.071,0.183,0.098,0.113,25.27,24.26
"2019-10-01 21:00:00",16823,0.071,0.184,0.097,0.113,24.89,23.9
"2019-10-01 21:30:00",16824,0.071,0.184,0.098,0.113,24.62,23.67
"2019-10-01 22:00:00",16825,0.071,0.184,0.098,0.113,24.3,23.53
"2019-10-01 22:30:00",16826,0.071,0.184,0.097,0.113,23.69,23.08
"2019-10-01 23:00:00",16827,0.071,0.184,0.097,0.113,23.62,22.96
"2019-10-01 23:30:00",16828,0.071,0.184,0.097,0.113,23.17,22.59
"2019-10-01 24:00:00",16829,0.071,0.184,0.097,0.113,22.78,22.32
"2019-10-02 00:30:00",16830,0.071,0.184,0.098,0.113,22.59,22.13
"2019-10-02 01:00:00",16831,0.071,0.183,0.097,0.113,22.44,21.98
"2019-10-02 01:30:00",16832,0.071,0.184,0.098,0.113,22.45,21.9
"2019-10-02 02:00:00",16833,0.071,0.184,0.098,0.113,21.9,21.53
"2019-10-02 02:30:00",16834,0.071,0.183,0.097,0.113,21.99,21.6
"2019-10-02 03:00:00",16835,0.071,0.183,0.097,0.113,21.84,21.44
"2019-10-02 03:30:00",16836,0.071,0.183,0.097,0.113,21.5,21.21
"2019-10-02 04:00:00",16837,0.071,0.183,0.097,0.113,21.49,21.15
"2019-10-02 04:30:00",16838,0.071,0.184,0.097,0.113,21.69,21.31
"2019-10-02 05:00:00",16839,0.071,0.184,0.098,0.113,21.6,21.21
"2019-10-02 05:30:00",16840,0.071,0.183,0.097,0.113,21.27,21.06
"2019-10-02 06:00:00",16841,0.071,0.183,0.098,0.113,21.29,21.03
"2019-10-02 06:30:00",16842,0.071,0.184,0.097,0.113,21.24,20.99
"2019-10-02 07:00:00",16843,0.071,0.183,0.097,0.113,21.25,20.94
"2019-10-02 07:30:00",16844,0.071,0.183,0.097,0.113,21.43,21.04
"2019-10-02 08:00:00",16845,0.071,0.183,0.097,0.113,21.49,21.09
"2019-10-02 08:30:00",16846,0.071,0.183,0.097,0.113,21.49,21.07
"2019-10-02 09:00:00",16847,0.071,0.183,0.097,0.113,21.76,21.26
"2019-10-02 09:30:00",16848,0.071,0.183,0.098,0.113,22.15,21.54
"2019-10-02 10:00:00",16849,0.071,0.183,0.097,0.113,22.79,22.06
"2019-10-02 10:30:00",16850,0.071,0.183,0.097,0.113,23.32,22.47
"2019-10-02 11:00:00",16851,0.071,0.183,0.097,0.113,23.92,23.01
"2019-10-02 11:30:00",16852,0.071,0.183,0.097,0.113,24.04,23.13
"2019-10-02 12:00:00",16853,0.071,0.183,0.097,0.113,24.86,23.8
"2019-10-02 12:30:00",16854,0.071,0.183,0.097,0.113,25.9,24.68
"2019-10-02 13:00:00",16855,0.071,0.183,0.097,0.113,27.03,25.45
"2019-10-02 13:30:00",16856,0.071,0.183,0.097,0.113,27.52,26.85
"2019-10-02 14:00:00",16857,0.071,0.183,0.097,0.113,27.92,26.34
"2019-10-02 14:30:00",16858,0.071,0.183,0.097,0.113,27.99,26.42
"2019-10-02 15:00:00",16859,0.071,0.183,0.097,0.113,28.62,26.75
"2019-10-02 15:30:00",16860,0.07,0.183,0.097,0.113,28.96,27.33
"2019-10-02 16:00:00",16861,0.07,0.183,0.097,0.113,28.85,27.25
"2019-10-02 16:30:00",16862,0.07,0.183,0.097,0.113,28.58,27.21
"2019-10-02 17:00:00",16863,0.07,0.183,0.097,0.113,28.73,27.06
"2019-10-02 17:30:00",16864,0.07,0.183,0.097,0.113,28.54,26.95
"2019-10-02 18:00:00",16865,0.07,0.183,0.097,0.113,27.68,26.3
"2019-10-02 18:30:00",16866,0.07,0.183,0.097,0.113,27.42,26.18
"2019-10-02 19:00:00",16867,0.07,0.183,0.097,0.113,26.67,25.6
"2019-10-02 19:30:00",16868,0.07,0.183,0.097,0.113,26.53,25.49
"2019-10-02 20:00:00",16869,0.07,0.183,0.097,0.113,26.16,25.14
"2019-10-02 20:30:00",16870,0.07,0.183,0.097,0.113,25.75,24.85
"2019-10-02 21:00:00",16871,0.07,0.183,0.097,0.113,25.75,24.78
"2019-10-02 21:30:00",16872,0.07,0.183,0.097,0.113,25.64,24.7
"2019-10-02 22:00:00",16873,0.07,0.183,0.097,0.113,25.36,24.44
"2019-10-02 22:30:00",16874,0.07,0.183,0.097,0.113,25.16,24.26
"2019-10-02 23:00:00",16875,0.07,0.183,0.097,0.113,25.21,24.37
"2019-10-02 23:30:00",16876,0.07,0.183,0.097,0.113,25.08,24.19
"2019-10-02 24:00:00",16877,0.07,0.183,0.097,0.113,24.97,24.12
"2019-10-03 00:30:00",16878,0.07,0.183,0.097,0.113,24.68,23.88
"2019-10-03 01:00:00",16879,0.07,0.183,0.097,0.113,24.5,23.76
"2019-10-03 01:30:00",16880,0.07,0.183,0.097,0.113,23.88,23.37
"2019-10-03 02:00:00",16881,0.07,0.183,0.097,0.113,23.85,23.31
"2019-10-03 02:30:00",16882,0.07,0.183,0.097,0.113,23.75,23.22
"2019-10-03 03:00:00",16883,0.07,0.183,0.097,0.113,23.61,23.08
"2019-10-03 03:30:00",16884,0.07,0.183,0.097,0.113,23.45,22.93
"2019-10-03 04:00:00",16885,0.07,0.183,0.097,0.113,23.37,22.89
"2019-10-03 04:30:00",16886,0.07,0.183,0.097,0.113,23.34,22.86
"2019-10-03 05:00:00",16887,0.07,0.183,0.097,0.113,23.08,22.61
"2019-10-03 05:30:00",16888,0.07,0.183,0.097,0.113,22.78,22.36
"2019-10-03 06:00:00",16889,0.07,0.183,0.097,0.112,22.71,22.3
"2019-10-03 06:30:00",16890,0.07,0.183,0.097,0.112,22.56,22.16
"2019-10-03 07:00:00",16891,0.07,0.183,0.097,0.112,22.13,21.84
"2019-10-03 07:30:00",16892,0.07,0.183,0.097,0.113,21.81,21.6
"2019-10-03 08:00:00",16893,0.07,0.183,0.097,0.112,21.89,21.69
"2019-10-03 08:30:00",16894,0.07,0.183,0.097,0.112,22.01,21.74
"2019-10-03 09:00:00",16895,0.07,0.183,0.097,0.113,22.37,22.01
"2019-10-03 09:30:00",16896,0.07,0.183,0.097,0.112,22.77,22.29
"2019-10-03 10:00:00",16897,0.07,0.183,0.097,0.112,23.49,22.8
"2019-10-03 10:30:00",16898,0.07,0.183,0.097,0.112,24.05,23.29
"2019-10-03 11:00:00",16899,0.07,0.182,0.097,0.112,24.95,24.05
"2019-10-03 11:30:00",16900,0.07,0.183,0.097,0.112,25.84,24.88
"2019-10-03 12:00:00",16901,0.07,0.182,0.097,0.112,26.52,25.55
"2019-10-03 12:30:00",16902,0.07,0.182,0.097,0.112,27.86,26.9
"2019-10-03 13:00:00",16903,0.07,0.182,0.097,0.112,27.83,26.64
"2019-10-03 13:30:00",16904,0.07,0.182,0.096,0.112,28.35,27.7
"2019-10-03 14:00:00",16905,0.07,0.182,0.096,0.112,29.04,27.64
"2019-10-03 14:30:00",16906,0.07,0.182,0.096,0.112,28.9,28.02
"2019-10-03 15:00:00",16907,0.07,0.182,0.096,0.112,29.63,28.15
"2019-10-03 15:30:00",16908,0.069,0.182,0.096,0.112,29.7,28.87
"2019-10-03 16:00:00",16909,0.07,0.182,0.096,0.112,29.52,28.4
"2019-10-03 16:30:00",16910,0.069,0.182,0.096,0.112,29.28,28.21
"2019-10-03 17:00:00",16911,0.069,0.182,0.096,0.112,29.27,28.1
"2019-10-03 17:30:00",16912,0.069,0.182,0.096,0.112,28.94,27.88
"2019-10-03 18:00:00",16913,0.069,0.182,0.096,0.112,28.51,27.54
"2019-10-03 18:30:00",16914,0.069,0.182,0.096,0.112,27.59,27.03
"2019-10-03 19:00:00",16915,0.069,0.182,0.096,0.112,27.26,26.74
"2019-10-03 19:30:00",16916,0.069,0.182,0.096,0.112,26.99,26.42
"2019-10-03 20:00:00",16917,0.069,0.182,0.096,0.112,26.78,26.3
"2019-10-03 20:30:00",16918,0.069,0.182,0.096,0.112,26.63,26.12
"2019-10-03 21:00:00",16919,0.069,0.182,0.096,0.112,26.38,25.85
"2019-10-03 21:30:00",16920,0.069,0.182,0.096,0.112,26.35,25.84
"2019-10-03 22:00:00",16921,0.069,0.182,0.096,0.112,23.1,23.85
"2019-10-03 22:30:00",16922,0.069,0.182,0.096,0.112,24.71,24.54
"2019-10-03 23:00:00",16923,0.069,0.182,0.096,0.112,24.35,24.23
"2019-10-03 23:30:00",16924,0.069,0.182,0.096,0.112,23.81,23.72
"2019-10-03 24:00:00",16925,0.069,0.182,0.096,0.112,23.35,23.29
"2019-10-04 00:30:00",16926,0.069,0.182,0.096,0.112,22.75,22.77
"2019-10-04 01:00:00",16927,0.069,0.182,0.096,0.112,22.24,22.27
"2019-10-04 01:30:00",16928,0.069,0.182,0.096,0.112,21.9,21.95
"2019-10-04 02:00:00",16929,0.069,0.182,0.096,0.112,21.09,21.24
"2019-10-04 02:30:00",16930,0.069,0.181,0.096,0.112,20.66,20.82
"2019-10-04 03:00:00",16931,0.068,0.181,0.096,0.112,20.06,20.25
"2019-10-04 03:30:00",16932,0.068,0.182,0.096,0.111,19.38,19.65
"2019-10-04 04:00:00",16933,0.069,0.181,0.096,0.112,18.3,18.63
"2019-10-04 04:30:00",16934,0.068,0.181,0.096,0.111,17.68,18.07
"2019-10-04 05:00:00",16935,0.068,0.181,0.096,0.111,17.22,17.64
"2019-10-04 05:30:00",16936,0.068,0.181,0.096,0.111,16.8,17.24
"2019-10-04 06:00:00",16937,0.068,0.181,0.096,0.111,16.63,17.04
"2019-10-04 06:30:00",16938,0.068,0.181,0.096,0.111,16.41,16.89
"2019-10-04 07:00:00",16939,0.068,0.181,0.096,0.111,16.27,16.73
"2019-10-04 07:30:00",16940,0.068,0.181,0.096,0.111,15.97,16.4
"2019-10-04 08:00:00",16941,0.068,0.181,0.096,0.111,15.91,16.32
"2019-10-04 08:30:00",16942,0.068,0.181,0.096,0.111,15.69,16.17
"2019-10-04 09:00:00",16943,0.068,0.18,0.095,0.111,15.8,16.22
"2019-10-04 09:30:00",16944,0.068,0.181,0.095,0.11,15.99,16.39
"2019-10-04 10:00:00",16945,0.068,0.181,0.095,0.111,16.15,16.45
"2019-10-04 10:30:00",16946,0.068,0.18,0.095,0.111,16.74,16.95
"2019-10-04 11:00:00",16947,0.068,0.18,0.095,0.11,16.6,16.84
"2019-10-04 11:30:00",16948,0.068,0.18,0.095,0.11,17.33,17.6
"2019-10-04 12:00:00",16949,0.068,0.18,0.095,0.11,17.01,17.14
"2019-10-04 12:30:00",16950,0.068,0.18,0.095,0.11,17.59,17.69
"2019-10-04 13:00:00",16951,0.068,0.18,0.095,0.11,19.81,18.97
"2019-10-04 13:30:00",16952,0.068,0.18,0.095,0.11,18.78,18.95
"2019-10-04 14:00:00",16953,0.068,0.18,0.095,0.11,18.32,18.42
"2019-10-04 14:30:00",16954,0.068,0.18,0.095,0.11,18.48,18.58
"2019-10-04 15:00:00",16955,0.068,0.18,0.095,0.11,19.95,19.43
"2019-10-04 15:30:00",16956,0.068,0.18,0.095,0.11,19.38,19.06
"2019-10-04 16:00:00",16957,0.068,0.18,0.095,0.11,19.42,19.31
"2019-10-04 16:30:00",16958,0.068,0.179,0.095,0.11,20.09,19.68
"2019-10-04 17:00:00",16959,0.067,0.18,0.095,0.11,19.17,19.44
"2019-10-04 17:30:00",16960,0.068,0.179,0.095,0.11,18.55,18.58
"2019-10-04 18:00:00",16961,0.067,0.179,0.094,0.11,17.73,17.86
"2019-10-04 18:30:00",16962,0.067,0.179,0.095,0.11,16.99,17.23
"2019-10-04 19:00:00",16963,0.067,0.179,0.094,0.109,16.35,16.71
"2019-10-04 19:30:00",16964,0.067,0.179,0.094,0.109,15.82,16.25
"2019-10-04 20:00:00",16965,0.067,0.179,0.094,0.109,15.39,15.82
"2019-10-04 20:30:00",16966,0.067,0.179,0.094,0.109,14.92,15.48
"2019-10-04 21:00:00",16967,0.067,0.179,0.094,0.109,14.92,15.3
"2019-10-04 21:30:00",16968,0.067,0.179,0.094,0.109,14.44,14.82
"2019-10-04 22:00:00",16969,0.067,0.179,0.094,0.109,13.8,14.3
"2019-10-04 22:30:00",16970,0.067,0.179,0.094,0.109,13.44,13.89
"2019-10-04 23:00:00",16971,0.067,0.178,0.094,0.109,13.05,13.64
"2019-10-04 23:30:00",16972,0.067,0.179,0.094,0.109,12.49,13.33
"2019-10-04 24:00:00",16973,0.067,0.179,0.094,0.109,12.22,12.87
"2019-10-05 00:30:00",16974,0.066,0.178,0.094,0.109,11.79,12.52
"2019-10-05 01:00:00",16975,0.066,0.178,0.093,0.108,11.43,12.15
"2019-10-05 01:30:00",16976,0.066,0.178,0.094,0.108,10.98,11.81
"2019-10-05 02:00:00",16977,0.066,0.178,0.093,0.108,10.9,11.95
"2019-10-05 02:30:00",16978,0.066,0.178,0.093,0.108,10.51,11.36
"2019-10-05 03:00:00",16979,0.066,0.178,0.093,0.108,10.49,11.36
"2019-10-05 03:30:00",16980,0.066,0.177,0.093,0.108,10.57,11.45
"2019-10-05 04:00:00",16981,0.066,0.178,0.093,0.108,10.37,11.28
"2019-10-05 04:30:00",16982,0.066,0.178,0.093,0.108,10.34,11.19
"2019-10-05 05:00:00",16983,0.066,0.177,0.093,0.108,10.13,10.94
"2019-10-05 05:30:00",16984,0.066,0.177,0.093,0.108,9.91,10.78
"2019-10-05 06:00:00",16985,0.066,0.177,0.093,0.108,9.72,10.59
"2019-10-05 06:30:00",16986,0.066,0.177,0.093,0.108,9.38,10.34
"2019-10-05 07:00:00",16987,0.066,0.177,0.093,0.108,9.35,10.2
"2019-10-05 07:30:00",16988,0.066,0.177,0.093,0.108,9.07,9.91
"2019-10-05 08:00:00",16989,0.066,0.177,0.093,0.108,9.23,9.97
"2019-10-05 08:30:00",16990,0.066,0.177,0.093,0.108,9.36,10.07
"2019-10-05 09:00:00",16991,0.066,0.177,0.093,0.108,9.76,10.55
"2019-10-05 09:30:00",16992,0.066,0.177,0.093,0.108,10.87,11.3
"2019-10-05 10:00:00",16993,0.066,0.177,0.093,0.108,11.92,12.17
"2019-10-05 10:30:00",16994,0.066,0.177,0.093,0.108,13.34,13.37
"2019-10-05 11:00:00",16995,0.066,0.177,0.093,0.108,14.42,14.67
"2019-10-05 11:30:00",16996,0.066,0.177,0.093,0.108,15.61,15.55
"2019-10-05 12:00:00",16997,0.066,0.177,0.093,0.108,17,16.77
"2019-10-05 12:30:00",16998,0.066,0.177,0.093,0.108,18.22,17.88
"2019-10-05 13:00:00",16999,0.066,0.177,0.093,0.108,19.48,18.83
"2019-10-05 13:30:00",17000,0.066,0.177,0.093,0.108,19.89,19.78
"2019-10-05 14:00:00",17001,0.066,0.177,0.093,0.108,21.55,20.04
"2019-10-05 14:30:00",17002,0.066,0.177,0.093,0.108,20.96,20.8
"2019-10-05 15:00:00",17003,0.066,0.177,0.093,0.108,21.09,20.48
"2019-10-05 15:30:00",17004,0.067,0.177,0.093,0.108,22.55,21.28
"2019-10-05 16:00:00",17005,0.066,0.177,0.093,0.108,21.48,21.05
"2019-10-05 16:30:00",17006,0.066,0.177,0.093,0.108,22.49,21.41
"2019-10-05 17:00:00",17007,0.066,0.177,0.093,0.108,21.1,20.63
"2019-10-05 17:30:00",17008,0.067,0.177,0.093,0.108,20.6,20.15
"2019-10-05 18:00:00",17009,0.066,0.177,0.093,0.108,19.86,19.55
"2019-10-05 18:30:00",17010,0.066,0.177,0.093,0.108,18.86,18.69
"2019-10-05 19:00:00",17011,0.066,0.177,0.093,0.108,17.83,17.86
"2019-10-05 19:30:00",17012,0.066,0.177,0.093,0.108,17.06,17.21
"2019-10-05 20:00:00",17013,0.066,0.177,0.093,0.108,16.52,16.71
"2019-10-05 20:30:00",17014,0.066,0.177,0.093,0.108,16.13,16.36
"2019-10-05 21:00:00",17015,0.066,0.177,0.093,0.108,15.84,16.11
"2019-10-05 21:30:00",17016,0.066,0.177,0.093,0.108,15.52,15.79
"2019-10-05 22:00:00",17017,0.066,0.177,0.093,0.108,14.97,15.25
"2019-10-05 22:30:00",17018,0.066,0.177,0.093,0.108,14.81,15.33
"2019-10-05 23:00:00",17019,0.066,0.177,0.093,0.108,14.6,15.04
"2019-10-05 23:30:00",17020,0.066,0.177,0.093,0.108,14.52,14.82
"2019-10-05 24:00:00",17021,0.066,0.177,0.093,0.108,14.56,14.99
"2019-10-06 00:30:00",17022,0.066,0.176,0.093,0.108,14.83,15.2
"2019-10-06 01:00:00",17023,0.066,0.176,0.093,0.108,14.92,15.2
"2019-10-06 01:30:00",17024,0.066,0.176,0.093,0.108,15.16,15.42
"2019-10-06 02:00:00",17025,0.066,0.176,0.093,0.108,15.05,15.3
"2019-10-06 02:30:00",17026,0.066,0.176,0.093,0.108,15.3,15.49
"2019-10-06 03:00:00",17027,0.066,0.176,0.093,0.108,15.48,15.67
"2019-10-06 03:30:00",17028,0.066,0.176,0.093,0.108,15.59,15.75
"2019-10-06 04:00:00",17029,0.066,0.176,0.093,0.108,15.84,15.94
"2019-10-06 04:30:00",17030,0.066,0.176,0.093,0.108,15.87,15.96
"2019-10-06 05:00:00",17031,0.066,0.176,0.093,0.108,15.77,15.85
"2019-10-06 05:30:00",17032,0.066,0.176,0.093,0.108,15.95,16.04
"2019-10-06 06:00:00",17033,0.066,0.176,0.093,0.108,16.02,16.1
"2019-10-06 06:30:00",17034,0.066,0.176,0.093,0.108,16.08,16.14
"2019-10-06 07:00:00",17035,0.066,0.176,0.093,0.108,16.29,16.32
"2019-10-06 07:30:00",17036,0.066,0.176,0.093,0.108,16.78,16.71
"2019-10-06 08:00:00",17037,0.066,0.176,0.093,0.108,17.36,17.19
"2019-10-06 08:30:00",17038,0.066,0.176,0.093,0.108,17.91,17.68
"2019-10-06 09:00:00",17039,0.066,0.176,0.093,0.108,18.07,17.87
"2019-10-06 09:30:00",17040,0.066,0.177,0.093,0.108,18.23,17.98
"2019-10-06 10:00:00",17041,0.066,0.177,0.093,0.108,18.93,18.62
"2019-10-06 10:30:00",17042,0.066,0.176,0.093,0.108,18.98,18.71
"2019-10-06 11:00:00",17043,0.066,0.177,0.093,0.108,19.45,19.13
"2019-10-06 11:30:00",17044,0.066,0.176,0.093,0.108,19.76,19.43
"2019-10-06 12:00:00",17045,0.066,0.176,0.093,0.108,19.01,19.14
"2019-10-06 12:30:00",17046,0.066,0.177,0.093,0.108,19.37,19.14
"2019-10-06 13:00:00",17047,0.066,0.177,0.093,0.108,19.48,19.22
"2019-10-06 13:30:00",17048,0.066,0.177,0.093,0.108,19.68,19.34
"2019-10-06 14:00:00",17049,0.066,0.177,0.093,0.108,19.64,19.41
"2019-10-06 14:30:00",17050,0.066,0.177,0.093,0.108,20.09,19.74
"2019-10-06 15:00:00",17051,0.066,0.177,0.093,0.108,19.19,19.15
"2019-10-06 15:30:00",17052,0.067,0.177,0.093,0.108,18.67,18.62
"2019-10-06 16:00:00",17053,0.067,0.177,0.094,0.108,18.51,18.49
"2019-10-06 16:30:00",17054,0.067,0.177,0.093,0.108,18.45,18.44
"2019-10-06 17:00:00",17055,0.067,0.177,0.094,0.108,18.57,18.52
"2019-10-06 17:30:00",17056,0.067,0.177,0.094,0.108,18.61,18.56
"2019-10-06 18:00:00",17057,0.067,0.177,0.094,0.108,18.66,18.59
"2019-10-06 18:30:00",17058,0.067,0.177,0.093,0.108,18.49,18.46
"2019-10-06 19:00:00",17059,0.067,0.177,0.094,0.108,18.42,18.39
"2019-10-06 19:30:00",17060,0.067,0.177,0.093,0.108,18.31,18.31
"2019-10-06 20:00:00",17061,0.067,0.177,0.094,0.108,18.56,18.45
"2019-10-06 20:30:00",17062,0.067,0.177,0.094,0.108,18.62,18.47
"2019-10-06 21:00:00",17063,0.067,0.177,0.094,0.108,18.68,18.5
"2019-10-06 21:30:00",17064,0.067,0.177,0.094,0.108,18.41,18.35
"2019-10-06 22:00:00",17065,0.067,0.177,0.094,0.108,18.32,18.32
"2019-10-06 22:30:00",17066,0.067,0.177,0.094,0.108,18.26,18.25
"2019-10-06 23:00:00",17067,0.067,0.177,0.094,0.108,18.16,18.18
"2019-10-06 23:30:00",17068,0.067,0.177,0.094,0.108,18.08,18.11
"2019-10-06 24:00:00",17069,0.067,0.177,0.094,0.108,17.79,17.92
"2019-10-07 00:30:00",17070,0.068,0.177,0.094,0.108,17.6,17.79
"2019-10-07 01:00:00",17071,0.068,0.177,0.094,0.108,17.61,17.77
"2019-10-07 01:30:00",17072,0.067,0.177,0.094,0.108,17.64,17.75
"2019-10-07 02:00:00",17073,0.068,0.177,0.094,0.108,17.63,17.76
"2019-10-07 02:30:00",17074,0.068,0.177,0.094,0.108,17.65,17.75
"2019-10-07 03:00:00",17075,0.068,0.177,0.094,0.108,17.72,17.75
"2019-10-07 03:30:00",17076,0.069,0.18,0.096,0.109,17.45,17.54
"2019-10-07 04:00:00",17077,0.07,0.193,0.103,0.109,15.93,16.73
"2019-10-07 04:30:00",17078,0.07,0.191,0.103,0.11,15.6,16.48
"2019-10-07 05:00:00",17079,0.071,0.191,0.103,0.11,15.42,16.3
"2019-10-07 05:30:00",17080,0.071,0.19,0.103,0.11,15.48,16.21
"2019-10-07 06:00:00",17081,0.073,0.19,0.105,0.111,15.28,16.12
"2019-10-07 06:30:00",17082,0.073,0.19,0.106,0.111,15.1,16.06
"2019-10-07 07:00:00",17083,0.074,0.19,0.106,0.112,15.18,15.99
"2019-10-07 07:30:00",17084,0.075,0.19,0.107,0.112,14.92,15.64
"2019-10-07 08:00:00",17085,0.076,0.19,0.108,0.113,14.54,15.25
"2019-10-07 08:30:00",17086,0.077,0.191,0.109,0.113,14.02,14.73
"2019-10-07 09:00:00",17087,0.077,0.191,0.111,0.113,14.06,15.02
"2019-10-07 09:30:00",17088,0.078,0.191,0.111,0.113,13.95,14.82
"2019-10-07 10:00:00",17089,0.078,0.191,0.111,0.114,13.98,14.79
"2019-10-07 10:30:00",17090,0.078,0.191,0.111,0.114,13.98,14.52
"2019-10-07 11:00:00",17091,0.079,0.191,0.111,0.114,14.38,14.97
"2019-10-07 11:30:00",17092,0.079,0.191,0.111,0.114,14.06,14.83
"2019-10-07 12:00:00",17093,0.08,0.192,0.112,0.115,14.04,14.69
"2019-10-07 12:30:00",17094,0.08,0.192,0.113,0.115,14.12,14.69
"2019-10-07 13:00:00",17095,0.081,0.192,0.113,0.116,13.98,14.54
"2019-10-07 13:30:00",17096,0.081,0.193,0.114,0.116,13.94,14.53
"2019-10-07 14:00:00",17097,0.082,0.193,0.115,0.117,13.82,14.44
"2019-10-07 14:30:00",17098,0.082,0.193,0.116,0.117,13.74,14.31
"2019-10-07 15:00:00",17099,0.081,0.193,0.115,0.117,13.54,14.15
"2019-10-07 15:30:00",17100,0.082,0.193,0.116,0.118,13.4,14.01
"2019-10-07 16:00:00",17101,0.083,0.195,0.119,0.119,13.45,13.95
"2019-10-07 16:30:00",17102,0.084,0.195,0.12,0.119,13.49,14.12
"2019-10-07 17:00:00",17103,0.084,0.196,0.12,0.12,13.54,14.16
"2019-10-07 17:30:00",17104,0.084,0.195,0.121,0.12,13.33,14.16
"2019-10-07 18:00:00",17105,0.085,0.196,0.122,0.121,13.34,14.27
"2019-10-07 18:30:00",17106,0.085,0.196,0.122,0.122,13.23,14.16
"2019-10-07 19:00:00",17107,0.085,0.196,0.123,0.122,13.28,14
"2019-10-07 19:30:00",17108,0.084,0.196,0.123,0.123,13.22,13.96
"2019-10-07 20:00:00",17109,0.085,0.196,0.123,0.123,13.12,13.92
"2019-10-07 20:30:00",17110,0.084,0.196,0.123,0.123,12.97,13.93
"2019-10-07 21:00:00",17111,0.085,0.196,0.124,0.124,12.86,13.92
"2019-10-07 21:30:00",17112,0.086,0.196,0.125,0.124,12.97,13.66
"2019-10-07 22:00:00",17113,0.086,0.196,0.126,0.125,12.71,13.55
"2019-10-07 22:30:00",17114,0.086,0.197,0.126,0.125,12.5,13.4
"2019-10-07 23:00:00",17115,0.085,0.196,0.126,0.125,12.32,13.58
"2019-10-07 23:30:00",17116,0.085,0.196,0.126,0.125,12.27,13.5
"2019-10-07 24:00:00",17117,0.085,0.196,0.126,0.125,12.27,13.4
"2019-10-08 00:30:00",17118,0.085,0.196,0.126,0.125,12.33,13.23
"2019-10-08 01:00:00",17119,0.085,0.196,0.126,0.125,12.33,13.28
"2019-10-08 01:30:00",17120,0.085,0.196,0.126,0.126,12.28,13.12
"2019-10-08 02:00:00",17121,0.085,0.196,0.126,0.126,12.25,13
"2019-10-08 02:30:00",17122,0.085,0.196,0.126,0.126,12.18,13.06
"2019-10-08 03:00:00",17123,0.085,0.196,0.126,0.126,12.2,13.04
"2019-10-08 03:30:00",17124,0.085,0.196,0.126,0.126,12.16,13.22
"2019-10-08 04:00:00",17125,0.085,0.196,0.126,0.126,11.97,12.77
"2019-10-08 04:30:00",17126,0.085,0.196,0.126,0.126,12.11,13.12
"2019-10-08 05:00:00",17127,0.085,0.195,0.126,0.126,11.99,13.09
"2019-10-08 05:30:00",17128,0.085,0.196,0.125,0.126,11.86,12.61
"2019-10-08 06:00:00",17129,0.085,0.195,0.125,0.126,11.81,12.77
"2019-10-08 06:30:00",17130,0.085,0.196,0.125,0.126,11.74,12.83
"2019-10-08 07:00:00",17131,0.085,0.196,0.125,0.126,11.7,12.68
"2019-10-08 07:30:00",17132,0.085,0.195,0.125,0.126,11.61,12.64
"2019-10-08 08:00:00",17133,0.085,0.195,0.125,0.126,11.5,12.59
"2019-10-08 08:30:00",17134,0.086,0.195,0.125,0.126,11.59,12.54
"2019-10-08 09:00:00",17135,0.086,0.195,0.125,0.126,11.77,12.73
"2019-10-08 09:30:00",17136,0.085,0.195,0.125,0.126,11.86,12.74
"2019-10-08 10:00:00",17137,0.086,0.195,0.125,0.126,11.93,12.79
"2019-10-08 10:30:00",17138,0.086,0.195,0.125,0.127,12.18,12.97
"2019-10-08 11:00:00",17139,0.086,0.195,0.125,0.126,12.37,13.2
"2019-10-08 11:30:00",17140,0.086,0.195,0.125,0.127,12.78,13.57
"2019-10-08 12:00:00",17141,0.086,0.195,0.125,0.127,13.28,13.76
"2019-10-08 12:30:00",17142,0.086,0.195,0.125,0.127,13.6,13.95
"2019-10-08 13:00:00",17143,0.087,0.195,0.125,0.127,14.06,14.25
"2019-10-08 13:30:00",17144,0.087,0.195,0.125,0.127,14.24,14.44
"2019-10-08 14:00:00",17145,0.087,0.195,0.125,0.127,14.65,14.51
"2019-10-08 14:30:00",17146,0.086,0.195,0.124,0.127,14.65,14.66
"2019-10-08 15:00:00",17147,0.086,0.195,0.124,0.126,15.46,14.89
"2019-10-08 15:30:00",17148,0.086,0.195,0.124,0.126,15.17,15.04
"2019-10-08 16:00:00",17149,0.087,0.195,0.124,0.126,15.64,15.34
"2019-10-08 16:30:00",17150,0.087,0.195,0.124,0.126,16.03,16.05
"2019-10-08 17:00:00",17151,0.087,0.195,0.124,0.126,15.59,15.58
"2019-10-08 17:30:00",17152,0.087,0.195,0.123,0.126,15.34,15.21
